priority,ref,pin,type,role,reason
P0,D100,11,BUF8287,T,source-risk singleton net D100_CONTROL_SHEET1_BOUNDARY lacks a proved remote endpoint
P1,D1,24,CPU8080,WAIT_O,source-risk singleton net CPU_WAIT_STATUS lacks a proved remote endpoint
P1,C9,1,C_KM,P1,source-risk singleton net C9_1_BOUNDARY lacks a proved remote endpoint
P1,C9,2,C_KM,P2,source-risk singleton net C9_2_BOUNDARY lacks a proved remote endpoint
P1,C10,1,C_KM,P1,source-risk singleton net C10_1_BOUNDARY lacks a proved remote endpoint
P1,C10,2,C_KM,P2,source-risk singleton net C10_2_BOUNDARY lacks a proved remote endpoint
P1,D10,22,PIC8259,IR4,source-risk singleton net TAPE_RUN_INT lacks a proved remote endpoint
P1,C11,1,C_KM,P1,source-risk singleton net C11_1_BOUNDARY lacks a proved remote endpoint
P1,C11,2,C_KM,P2,source-risk singleton net C11_2_BOUNDARY lacks a proved remote endpoint
P1,C12,1,C_KM,P1,source-risk singleton net C12_1_BOUNDARY lacks a proved remote endpoint
P1,C12,2,C_KM,P2,source-risk singleton net C12_2_BOUNDARY lacks a proved remote endpoint
P1,D14,2,AP2,I2,source-risk singleton net D14_I2_BOUNDARY lacks a proved remote endpoint
P1,D14,7,AP2,O7,source-risk singleton net D14_O7_BOUNDARY lacks a proved remote endpoint
P1,C15,1,C_KM,P1,source-risk singleton net C15_1_BOUNDARY lacks a proved remote endpoint
P1,C15,2,C_KM,P2,source-risk singleton net C15_2_BOUNDARY lacks a proved remote endpoint
P1,D26,22,PPI8255,PB4,source-risk singleton net D26_PB4_BOUNDARY lacks a proved remote endpoint
P1,D57,17,PIT8253,OUT2,source-risk singleton net SYNC_B lacks a proved remote endpoint
P1,D58,11,IR82,STB,source-risk singleton net D58_STB_TAG5 lacks a proved remote endpoint
P1,D59,10,LN1_OSC,O10,source-risk singleton net D59_O10_TAG10 lacks a proved remote endpoint
P1,R67,2,R_AXIAL,P2,source-risk singleton net R67_2_BOUNDARY lacks a proved remote endpoint
P1,C94,1,C_KM,P1,source-risk singleton net C94_1_BOUNDARY lacks a proved remote endpoint
P1,C94,2,C_KM,P2,source-risk singleton net C94_2_BOUNDARY lacks a proved remote endpoint
P2,S1,3,SW,P3,source-risk singleton net S1_3_BOUNDARY lacks a proved remote endpoint
